calendar_date,route_id,checkpoint_name,throughput_count,congestion_level
2026-05-01,R001,Sonprayag Checkpoint,283,Low
2026-05-01,R002,Kedar Trek Gate,166,Medium
2026-05-01,R003,Joshimath Barrier,263,Low
2026-05-01,R004,Badri Gate,186,High
2026-05-01,R005,Uttarkashi Checkpoint,290,Low
2026-05-01,R006,Gangotri Gate,133,Low
2026-05-01,R007,Janki Chatti Checkpoint,318,High
2026-05-01,R008,Yamuna Trek Gate,146,High
2026-05-02,R001,Sonprayag Checkpoint,371,High
2026-05-02,R002,Kedar Trek Gate,225,Medium
2026-05-02,R003,Joshimath Barrier,361,High
2026-05-02,R004,Badri Gate,216,High
2026-05-02,R005,Uttarkashi Checkpoint,377,High
2026-05-02,R006,Gangotri Gate,187,Low
2026-05-02,R007,Janki Chatti Checkpoint,341,High
2026-05-02,R008,Yamuna Trek Gate,190,Medium
2026-05-03,R001,Sonprayag Checkpoint,330,High
2026-05-03,R002,Kedar Trek Gate,279,Medium
2026-05-03,R003,Joshimath Barrier,317,Medium
2026-05-03,R004,Badri Gate,238,Medium
2026-05-03,R005,Uttarkashi Checkpoint,360,High
2026-05-03,R006,Gangotri Gate,218,Medium
2026-05-03,R007,Janki Chatti Checkpoint,388,High
2026-05-03,R008,Yamuna Trek Gate,224,Medium
2026-05-04,R001,Sonprayag Checkpoint,256,Low
2026-05-04,R002,Kedar Trek Gate,199,Medium
2026-05-04,R003,Joshimath Barrier,277,Low
2026-05-04,R004,Badri Gate,160,High
2026-05-04,R005,Uttarkashi Checkpoint,262,Low
2026-05-04,R006,Gangotri Gate,177,Low
2026-05-04,R007,Janki Chatti Checkpoint,297,Low
2026-05-04,R008,Yamuna Trek Gate,178,Medium
2026-05-05,R001,Sonprayag Checkpoint,281,Low
2026-05-05,R002,Kedar Trek Gate,170,Medium
2026-05-05,R003,Joshimath Barrier,271,Low
2026-05-05,R004,Badri Gate,157,Medium
2026-05-05,R005,Uttarkashi Checkpoint,221,Low
2026-05-05,R006,Gangotri Gate,197,Low
2026-05-05,R007,Janki Chatti Checkpoint,288,Low
2026-05-05,R008,Yamuna Trek Gate,154,High
2026-05-06,R001,Sonprayag Checkpoint,241,Low
2026-05-06,R002,Kedar Trek Gate,186,Medium
2026-05-06,R003,Joshimath Barrier,304,Low
2026-05-06,R004,Badri Gate,190,High
2026-05-06,R005,Uttarkashi Checkpoint,270,Low
2026-05-06,R006,Gangotri Gate,178,Low
2026-05-06,R007,Janki Chatti Checkpoint,267,Medium
2026-05-06,R008,Yamuna Trek Gate,180,Medium
2026-05-07,R001,Sonprayag Checkpoint,304,Low
2026-05-07,R002,Kedar Trek Gate,180,High
2026-05-07,R003,Joshimath Barrier,267,Low
2026-05-07,R004,Badri Gate,179,High
2026-05-07,R005,Uttarkashi Checkpoint,278,Low
2026-05-07,R006,Gangotri Gate,169,Low
2026-05-07,R007,Janki Chatti Checkpoint,292,Low
2026-05-07,R008,Yamuna Trek Gate,211,High
2026-05-08,R001,Sonprayag Checkpoint,286,Low
2026-05-08,R002,Kedar Trek Gate,195,High
2026-05-08,R003,Joshimath Barrier,278,Low
2026-05-08,R004,Badri Gate,155,High
2026-05-08,R005,Uttarkashi Checkpoint,246,Medium
2026-05-08,R006,Gangotri Gate,199,Low
2026-05-08,R007,Janki Chatti Checkpoint,342,High
2026-05-08,R008,Yamuna Trek Gate,213,Medium
2026-05-09,R001,Sonprayag Checkpoint,410,High
2026-05-09,R002,Kedar Trek Gate,198,Medium
2026-05-09,R003,Joshimath Barrier,393,High
2026-05-09,R004,Badri Gate,251,High
2026-05-09,R005,Uttarkashi Checkpoint,350,High
2026-05-09,R006,Gangotri Gate,233,Low
2026-05-09,R007,Janki Chatti Checkpoint,350,High
2026-05-09,R008,Yamuna Trek Gate,198,High
2026-05-10,R001,Sonprayag Checkpoint,373,High
2026-05-10,R002,Kedar Trek Gate,273,Medium
2026-05-10,R003,Joshimath Barrier,338,High
2026-05-10,R004,Badri Gate,230,Medium
2026-05-10,R005,Uttarkashi Checkpoint,368,High
2026-05-10,R006,Gangotri Gate,236,Low
2026-05-10,R007,Janki Chatti Checkpoint,353,High
2026-05-10,R008,Yamuna Trek Gate,242,High
2026-05-11,R001,Sonprayag Checkpoint,286,Low
2026-05-11,R002,Kedar Trek Gate,192,High
2026-05-11,R003,Joshimath Barrier,319,Low
2026-05-11,R004,Badri Gate,132,High
2026-05-11,R005,Uttarkashi Checkpoint,274,Low
2026-05-11,R006,Gangotri Gate,200,Low
2026-05-11,R007,Janki Chatti Checkpoint,270,Low
2026-05-11,R008,Yamuna Trek Gate,201,Medium
2026-05-12,R001,Sonprayag Checkpoint,256,Medium
2026-05-12,R002,Kedar Trek Gate,192,High
2026-05-12,R003,Joshimath Barrier,261,Low
2026-05-12,R004,Badri Gate,216,High
2026-05-12,R005,Uttarkashi Checkpoint,275,Low
2026-05-12,R006,Gangotri Gate,157,Low
2026-05-12,R007,Janki Chatti Checkpoint,327,Low
2026-05-12,R008,Yamuna Trek Gate,192,Medium
2026-05-13,R001,Sonprayag Checkpoint,254,Low
2026-05-13,R002,Kedar Trek Gate,161,Medium
2026-05-13,R003,Joshimath Barrier,211,Low
2026-05-13,R004,Badri Gate,200,High
2026-05-13,R005,Uttarkashi Checkpoint,298,Low
2026-05-13,R006,Gangotri Gate,205,Low
2026-05-13,R007,Janki Chatti Checkpoint,257,Low
2026-05-13,R008,Yamuna Trek Gate,166,High
2026-05-14,R001,Sonprayag Checkpoint,300,Low
2026-05-14,R002,Kedar Trek Gate,228,Medium
2026-05-14,R003,Joshimath Barrier,256,Low
2026-05-14,R004,Badri Gate,210,High
2026-05-14,R005,Uttarkashi Checkpoint,296,Low
2026-05-14,R006,Gangotri Gate,161,Medium
2026-05-14,R007,Janki Chatti Checkpoint,289,Low
2026-05-14,R008,Yamuna Trek Gate,220,Medium
2026-05-15,R001,Sonprayag Checkpoint,268,Low
2026-05-15,R002,Kedar Trek Gate,192,Low
2026-05-15,R003,Joshimath Barrier,266,Low
2026-05-15,R004,Badri Gate,200,Medium
2026-05-15,R005,Uttarkashi Checkpoint,288,Low
2026-05-15,R006,Gangotri Gate,206,Low
2026-05-15,R007,Janki Chatti Checkpoint,228,Low
2026-05-15,R008,Yamuna Trek Gate,161,High
